estacionID,fecha,temp_media,tmax,tmin
AGSAG,08/09/21 0:00,20.5,26,15
ALMAG,08/09/21 0:00,15.5,21,10
ANVAG,08/09/21 0:00,19.5,25,14
CDRAG,08/09/21 0:00,19,23.5,14.5
CNSAG,08/09/21 0:00,20,25.5,14.5
CSOAG,08/09/21 0:00,14,20,8
JCQAG,08/09/21 0:00,19.25,24,14.5
MNLAG,08/09/21 0:00,19,22,16
NGRAG,08/09/21 0:00,18.5,23,14
OBSAG,08/09/21 0:00,20.9,25.8,16
PBLAG,08/09/21 0:00,19.5,25,14
PECAG,08/09/21 0:00,19.5,24,15
PTOAG,08/09/21 0:00,18.5,24,13
PTRAG,08/09/21 0:00,19.75,25.5,14
ALRBN,08/09/21 0:00,25,32,18
CRRBN,08/09/21 0:00,23,32,14
EFLBN,08/09/21 0:00,25,31,19
ELZBN,08/09/21 0:00,24,29,19
ENBBN,08/09/21 0:00,23.5,26,21
ENLBN,08/09/21 0:00,34.9,42,27.8
MXCBN,08/09/21 0:00,37.5,45.1,30
PDMBN,08/09/21 0:00,33,40,26
PRTBN,08/09/21 0:00,26.5,35,18
SFLBN,08/09/21 0:00,32.5,35.7,29.4
CCNBS,08/09/21 0:00,28.5,35.4,21.6
CSLBS,08/09/21 0:00,27,32,22
DORBS,08/09/21 0:00,24.5,33,16
GNGBS,08/09/21 0:00,23,26,20
LBABS,08/09/21 0:00,31.5,37,26
LPZBS,08/09/21 0:00,29.9,35.2,24.6
LRTBS,08/09/21 0:00,32.05,36,28.1
MLGBS,08/09/21 0:00,30.5,35,26
PLNBS,08/09/21 0:00,30,36,24
RBRBS,08/09/21 0:00,28.75,32.5,25
SANBS,08/09/21 0:00,28.5,36,21
SARBS,08/09/21 0:00,29.5,35,24
SBABS,08/09/21 0:00,22,28,16
SJCBS,08/09/21 0:00,26,31,21
SNTBS,08/09/21 0:00,29,35,23
SRLBS,08/09/21 0:00,29.55,35.7,23.4
TSNBS,08/09/21 0:00,25,30,20
BOLCA,08/09/21 0:00,27.5,32,23
CANCA,08/09/21 0:00,25.5,30,21
CARCA,08/09/21 0:00,28.5,33,24
CHMCA,08/09/21 0:00,28,33,23
CMPCA,08/09/21 0:00,28,33,23
CNDCA,08/09/21 0:00,27.5,33,22
COBCA,08/09/21 0:00,29.8,36.9,22.7
ESCCA,08/09/21 0:00,30,36,24
HECCA,08/09/21 0:00,27,34,20
HPOCA,08/09/21 0:00,28.5,35,22
NYXCA,08/09/21 0:00,28.5,37,20
PLZCA,08/09/21 0:00,28,34,22
SBNCA,08/09/21 0:00,28,34,22
XCPCA,08/09/21 0:00,27,32,22
XPJCA,08/09/21 0:00,27.5,31,24
c08219,08/09/21 0:00,15.5,23,8
C08243,08/09/21 0:00,18,26,10
C08270,08/09/21 0:00,26,35,17
C08182,08/09/21 0:00,24.5,31,18
C08099,08/09/21 0:00,17.5,24,11
AGZCH,08/09/21 0:00,21,29,13
BACCH,08/09/21 0:00,19.5,26,13
BTPCH,08/09/21 0:00,26.3,33,19.6
CAGCH,08/09/21 0:00,24.55,34.6,14.5
CDLCH,08/09/21 0:00,26,34,18
CJZCH,08/09/21 0:00,26,33,19
CL2CH,08/09/21 0:00,22.25,31,13.5
CNDCH,08/09/21 0:00,26.25,30.5,22
CRLCH,08/09/21 0:00,17,24,10
FIMCH,08/09/21 0:00,26.5,34,19
GPCCH,08/09/21 0:00,23.2,30.5,15.9
GRCCH,08/09/21 0:00,26.85,34.3,19.4
IGNCH,08/09/21 0:00,26.5,34,19
LBQCH,08/09/21 0:00,25.5,34,17
LJSCH,08/09/21 0:00,22,30,14
LLNCH,08/09/21 0:00,32.5,40,25
NRGCH,08/09/21 0:00,19.25,26,12.5
OJNCH,08/09/21 0:00,31.75,42,21.5
PRRCH,08/09/21 0:00,22.95,31.4,14.5
QIJCH,08/09/21 0:00,24,33,15
TB2CH,08/09/21 0:00,29,36.8,21.2
TMCCH,08/09/21 0:00,21.6,29.8,13.4
TNTCH,08/09/21 0:00,23.5,32,15
URECH,08/09/21 0:00,25.7,30.8,20.6
VICCH,08/09/21 0:00,22,31,13
VZRCH,08/09/21 0:00,25,34,16
AMSCL,08/09/21 0:00,31,39,23
ARACL,08/09/21 0:00,24.5,31,18
CBRCL,08/09/21 0:00,31,38,24
CDACL,08/09/21 0:00,30.5,38,23
CUICL,08/09/21 0:00,27.2,37.5,17
CYTCL,08/09/21 0:00,26.2,31,21.5
ESLCL,08/09/21 0:00,23.5,29,18
FIMCL,08/09/21 0:00,24.5,30,19
MATCL,08/09/21 0:00,28,34,22
MCVCL,08/09/21 0:00,30.2,37.2,23.2
PNGCL,08/09/21 0:00,32,39.2,24.8
PRSCL,08/09/21 0:00,29.5,37,22
SAACL,08/09/21 0:00,16.5,25,8
SALCL,08/09/21 0:00,22,29.7,14.3
SBNCL,08/09/21 0:00,31.75,40,23.5
SMGCL,08/09/21 0:00,32.5,39,26
SMJCL,08/09/21 0:00,23,28,18
SPECL,08/09/21 0:00,28.2,37.5,19
STOCL,08/09/21 0:00,22.5,27,18
TORCL,08/09/21 0:00,29.15,36.5,21.8
VCRCL,08/09/21 0:00,30.5,38,23
BVSCM,08/09/21 0:00,26,31,21
CDOCM,08/09/21 0:00,28.7,33.5,24
CLLCM,08/09/21 0:00,30,36,24
CQMCM,08/09/21 0:00,26.5,31,22
CUACM,08/09/21 0:00,26.5,33,20
DJLCM,08/09/21 0:00,25.7,30.5,21
LAECM,08/09/21 0:00,26,31,21
LDACM,08/09/21 0:00,28.5,33,24
LPSCM,08/09/21 0:00,26.2,31.9,20.5
MNZCM,08/09/21 0:00,29.2,32.4,26.1
PNTCM,08/09/21 0:00,27.2,33.5,21
RDRCM,08/09/21 0:00,27.7,32.5,23
TCMCM,08/09/21 0:00,28.5,33,24
TRJCM,08/09/21 0:00,28.5,34,23
ACACP,08/09/21 0:00,27,32,22
ANGCP,08/09/21 0:00,24,30,18
AROCP,08/09/21 0:00,29.4,35.8,23
BOQCP,08/09/21 0:00,26.75,34,19.5
CASCP,08/09/21 0:00,26.75,32,21.5
CHICP,08/09/21 0:00,28.25,33.5,23
CHMCP,08/09/21 0:00,22.35,26.5,18.2
COOCP,08/09/21 0:00,22.4,29.2,15.6
DESCP,08/09/21 0:00,23.9,31,16.8
ELNCP,08/09/21 0:00,28.25,33.5,23
ESCCP,08/09/21 0:00,29,35.5,22.5
FHACP,08/09/21 0:00,22,27,17
FPZCP,08/09/21 0:00,20.5,24,17
GRICP,08/09/21 0:00,28.25,35,21.5
HUECP,08/09/21 0:00,30.5,37.5,23.5
HUICP,08/09/21 0:00,28.5,34,23
JAPCP,08/09/21 0:00,26.5,35,18
LACCP,08/09/21 0:00,26.75,32,21.5
MALCP,08/09/21 0:00,29.5,34,25
MAPCP,08/09/21 0:00,25.25,29,21.5
PCOCP,08/09/21 0:00,24,29,19
PENCP,08/09/21 0:00,29,33,25
PIJCP,08/09/21 0:00,28,32.5,23.5
REFCP,08/09/21 0:00,24.5,30,19
REVCP,08/09/21 0:00,26,31,21
SAACP,08/09/21 0:00,26.25,30,22.5
SAYCP,08/09/21 0:00,27.75,33,22.5
SCOCP,08/09/21 0:00,19,26,12
SCRCP,08/09/21 0:00,17.75,23,12.5
SDOCP,08/09/21 0:00,26.5,32.5,20.5
SMICP,08/09/21 0:00,25.5,31,20
SNACP,08/09/21 0:00,28.75,33.5,24
TAPCP,08/09/21 0:00,28.4,33,23.8
TPICP,08/09/21 0:00,27.5,32,23
TUXCP,08/09/21 0:00,26.5,31,22
TXOCP,08/09/21 0:00,27.85,33.7,22
TXZCP,08/09/21 0:00,25,31,19
YAMCP,08/09/21 0:00,26.25,30,22.5
CEADF,08/09/21 0:00,17.5,24,11
DATDF,08/09/21 0:00,15,20,10
SJADF,08/09/21 0:00,17.5,22.5,12.5
CB2DR,08/09/21 0:00,16.75,21.5,12
CBRDR,08/09/21 0:00,16.7,21.5,12
CEBDR,08/09/21 0:00,26.5,35,18
CGVDR,08/09/21 0:00,19,25,13
CLRDR,08/09/21 0:00,26.5,33,20
CNTDR,08/09/21 0:00,18.5,24,13
DRGDR,08/09/21 0:00,20.9,28,13.8
FV2DR,08/09/21 0:00,16.5,20,13
FVLDR,08/09/21 0:00,16.5,20,13
FZRDR,08/09/21 0:00,29.7,37,22.5
GESDR,08/09/21 0:00,23,30,16
GNCDR,08/09/21 0:00,15,26,4
GUADR,08/09/21 0:00,16.7,24,9.5
GVCDR,08/09/21 0:00,19.2,23.5,15
GVHDR,08/09/21 0:00,19.25,23.5,15
LCRDR,08/09/21 0:00,22.2,28.5,16
LFLDR,08/09/21 0:00,26.5,34,19
LHRDR,08/09/21 0:00,26.25,31,21.5
NAVDR,08/09/21 0:00,15.2,21.5,9
NZSDR,08/09/21 0:00,25.5,34,17
PA2DR,08/09/21 0:00,18,23,13
PAGDR,08/09/21 0:00,18,23,13
PDCDR,08/09/21 0:00,16.7,22.5,11
SACDR,08/09/21 0:00,20.5,27,14
SB2DR,08/09/21 0:00,21,27,15
SBYDR,08/09/21 0:00,21,27,15
SCLDR,08/09/21 0:00,21.2,30,12.5
SGBDR,08/09/21 0:00,20.5,29,12
SJGDR,08/09/21 0:00,26,35,17
SLCDR,08/09/21 0:00,23.5,31,16
SLTDR,08/09/21 0:00,15.5,23,8
SMODR,08/09/21 0:00,18,27,9
SPGDR,08/09/21 0:00,24.2,32,16.5
SPPDR,08/09/21 0:00,22,30,14
SRDDR,08/09/21 0:00,19.5,31,8
TGRDR,08/09/21 0:00,24.2,33,15.5
THODR,08/09/21 0:00,27,36,18
TLHDR,08/09/21 0:00,19.9,27.7,12
TMZDR,08/09/21 0:00,26.75,31.5,22
VGCDR,08/09/21 0:00,18.7,25.5,12
VHGDR,08/09/21 0:00,20.7,27,14.5
VOCDR,08/09/21 0:00,20.5,29,12
ABSGJ,08/09/21 0:00,19.5,25,14
ACNGJ,08/09/21 0:00,19,25,13
AEGGJ,08/09/21 0:00,22,29.5,14.5
AMCGJ,08/09/21 0:00,20.25,27.5,13
APSGJ,08/09/21 0:00,19.5,26,13
ATBGJ,08/09/21 0:00,19,24,14
BRRGJ,08/09/21 0:00,20.5,25,16
CLYGJ,08/09/21 0:00,18.5,25,12
COMGJ,08/09/21 0:00,19.5,26,13
CORGJ,08/09/21 0:00,17.75,26,9.5
CRMGJ,08/09/21 0:00,21,27,15
CRTGJ,08/09/21 0:00,20.75,26.5,15
CSRGJ,08/09/21 0:00,19.5,24,15
CSTGJ,08/09/21 0:00,20.25,26,14.5
DHGGJ,08/09/21 0:00,18.5,28,9
ECBGJ,08/09/21 0:00,19,25,13
ECHGJ,08/09/21 0:00,20,26,14
ECNGJ,08/09/21 0:00,20,25.5,14.5
EPLGJ,08/09/21 0:00,21,27,15
GLNGJ,08/09/21 0:00,18.5,24,13
GTOGJ,08/09/21 0:00,20.3,27.5,13.1
IALGJ,08/09/21 0:00,20,27,13
IRPGJ,08/09/21 0:00,21,25,17
JCRGJ,08/09/21 0:00,17,23,11
LADGJ,08/09/21 0:00,19,25,13
LDYGJ,08/09/21 0:00,19.25,25,13.5
LENGJ,08/09/21 0:00,20.5,26,15
LGVGJ,08/09/21 0:00,17.5,24,11
LJIGJ,08/09/21 0:00,19.5,25,14
LQMGJ,08/09/21 0:00,17,22,12
OCMGJ,08/09/21 0:00,17.5,24,11
PERGJ,08/09/21 0:00,17.75,21.5,14
PNLGJ,08/09/21 0:00,20,25,15
POZGJ,08/09/21 0:00,17.5,23,12
PRSGJ,08/09/21 0:00,21.25,28,14.5
SFEGJ,08/09/21 0:00,14,18,10
SJLGJ,08/09/21 0:00,17.75,24,11.5
SLMGJ,08/09/21 0:00,19.25,25,13.5
SLPGJ,08/09/21 0:00,18.5,27,10
SLSGJ,08/09/21 0:00,18.5,25,12
SLVGJ,08/09/21 0:00,19.25,27,11.5
SMAGJ,08/09/21 0:00,18,24,12
SMOGJ,08/09/21 0:00,19,25,13
SRTGJ,08/09/21 0:00,19.25,25.5,13
TEMGJ,08/09/21 0:00,20.5,25,16
VDSGJ,08/09/21 0:00,20,27,13
XICGJ,08/09/21 0:00,22,28.5,15.5
ACAGR,08/09/21 0:00,26.25,30.5,22
AERGR,08/09/21 0:00,22.95,29,16.9
AFIGR,08/09/21 0:00,29,36,22
AHUGR,08/09/21 0:00,16,18,14
ATYGR,08/09/21 0:00,29.5,35,24
AYUGR,08/09/21 0:00,25,30,20
BVSGR,08/09/21 0:00,20.5,27,14
CALGR,08/09/21 0:00,27,32,22
CHIGR,08/09/21 0:00,21.5,26,17
CHLGR,08/09/21 0:00,19.5,24,15
COPGR,08/09/21 0:00,27,31,23
CYQGR,08/09/21 0:00,28,35,21
IGLGR,08/09/21 0:00,24.7,29.4,20
IXTGR,08/09/21 0:00,25.5,32,19
K21GR,08/09/21 0:00,28.5,34,23
MCHGR,08/09/21 0:00,23,29,17
ODAGR,08/09/21 0:00,29.3,35.8,22.8
ODZGR,08/09/21 0:00,21.5,28,15
OLNGR,08/09/21 0:00,23.5,30,17
PETGR,08/09/21 0:00,22.5,30,15
QTZGR,08/09/21 0:00,27.5,34,21
SJEGR,08/09/21 0:00,28,32,24
SNMGR,08/09/21 0:00,24.5,38,11
TAXGR,08/09/21 0:00,19,22,16
TLAGR,08/09/21 0:00,14,19,9
TLPGR,08/09/21 0:00,24.5,31,18
TXTGR,08/09/21 0:00,22.5,28,17
VGRGR,08/09/21 0:00,23.75,34.5,13
VTRGR,08/09/21 0:00,26.5,37,16
XXHGR,08/09/21 0:00,26,33,19
ZHTGR,08/09/21 0:00,29,36,22
ACTHD,08/09/21 0:00,17,23,11
ATCHD,08/09/21 0:00,28.5,34.5,22.5
ENDHD,08/09/21 0:00,19.5,25,14
HHTHD,08/09/21 0:00,26,32,20
HJTHD,08/09/21 0:00,28,34,22
LMTHD,08/09/21 0:00,24,32,16
MXQHD,08/09/21 0:00,18.5,24,13
ORZHD,08/09/21 0:00,27.5,32,23
PCOHD,08/09/21 0:00,17.6,23,12.2
PERHD,08/09/21 0:00,15,19,11
PRGHD,08/09/21 0:00,21.5,28,15
PRQHD,08/09/21 0:00,18.5,24,13
PVAHD,08/09/21 0:00,20.5,28,13
TLGHD,08/09/21 0:00,16.9,22.8,11
TXMHD,08/09/21 0:00,17.5,26,9
ZMPHD,08/09/21 0:00,22,25.3,18.6
ZXTHD,08/09/21 0:00,18.5,24,13
AJJJL,08/09/21 0:00,19.2,24,14.5
ATQJL,08/09/21 0:00,21.2,27,15.5
BBAJL,08/09/21 0:00,23,33,13
BCSJL,08/09/21 0:00,23.5,28,19
BLNJL,08/09/21 0:00,23.5,28,19
CGZJL,08/09/21 0:00,21.5,27,16
CHFJL,08/09/21 0:00,25.7,29,22.5
CIHJL,08/09/21 0:00,27,30,24
CLTJL,08/09/21 0:00,20,24.3,15.7
CRNJL,08/09/21 0:00,20.2,24.5,16
CRTJL,08/09/21 0:00,20.5,27,14
CUIJL,08/09/21 0:00,22,27,17
CULJL,08/09/21 0:00,26,29,23
CUNJL,08/09/21 0:00,23,31,15
CXTJL,08/09/21 0:00,25.75,31.5,20
EGCJL,08/09/21 0:00,18.2,22.5,14
ELCJL,08/09/21 0:00,25,30,20
FTEJL,08/09/21 0:00,19,24,14
GUAJL,08/09/21 0:00,21.5,27,16
HUAJL,08/09/21 0:00,21.5,29,14
JMYJL,08/09/21 0:00,20.2,27.5,13
LDBJL,08/09/21 0:00,26.5,30.5,22.5
LDCJL,08/09/21 0:00,21.2,25.5,17
LDMJL,08/09/21 0:00,20.2,25.5,15
OLMJL,08/09/21 0:00,20.6,25.9,15.3
PITJL,08/09/21 0:00,21.2,26.5,16
RAMJL,08/09/21 0:00,22.2,27.5,17
SAUJL,08/09/21 0:00,19.2,24,14.5
SGRJL,08/09/21 0:00,20.5,25.5,15.5
TCAJL,08/09/21 0:00,21,27,15
TLAJL,08/09/21 0:00,22.2,28.5,16
VEGJL,08/09/21 0:00,22.2,27.5,17
ZPTJL,08/09/21 0:00,20.2,26.5,14
AGOMC,08/09/21 0:00,15.5,21,10
AMEMC,08/09/21 0:00,18.55,24.6,12.5
APTMC,08/09/21 0:00,26.5,33,20
BIBMC,08/09/21 0:00,21.25,29,13.5
CBLMC,08/09/21 0:00,19.25,26.5,12
CHAMC,08/09/21 0:00,20,26,14
CHIMC,08/09/21 0:00,17.5,23,12
CHLMC,08/09/21 0:00,28,38.5,17.5
COIMC,08/09/21 0:00,17.75,24,11.5
CORMC,08/09/21 0:00,20.25,26.5,14
DGNMC,08/09/21 0:00,23.6,30.4,16.8
EGIMC,08/09/21 0:00,18.25,24.5,12
GUAMC,08/09/21 0:00,18.5,32,5
INFMC,08/09/21 0:00,28.75,34,23.5
JARMC,08/09/21 0:00,17.75,31,4.5
LANMC,08/09/21 0:00,20.05,25.6,14.5
LOLMC,08/09/21 0:00,27,37.5,16.5
LPAMC,08/09/21 0:00,21.7,27.4,16
LPDMC,08/09/21 0:00,22,30,14
LPSMC,08/09/21 0:00,27.5,32,23
LPZMC,08/09/21 0:00,28.5,34,23
MCEMC,08/09/21 0:00,19.5,25,14
MLPMC,08/09/21 0:00,20.25,26.5,14
MNOMC,08/09/21 0:00,19.6,26,13.2
MOCMC,08/09/21 0:00,20,26.5,13.5
MORMC,08/09/21 0:00,19.5,26.5,12.5
ORAMC,08/09/21 0:00,18.5,23,14
PDBMC,08/09/21 0:00,21.25,29.5,13
PORMC,08/09/21 0:00,17,24,10
PUCMC,08/09/21 0:00,15.5,22,9
SAHMC,08/09/21 0:00,18.5,28,9
SCRMC,08/09/21 0:00,18.5,28,9
SJUMC,08/09/21 0:00,20.5,26,15
SSIMC,08/09/21 0:00,20.5,26,15
TEPMC,08/09/21 0:00,15.5,21,10
TMUMC,08/09/21 0:00,15.7,20.3,11.1
UREMC,08/09/21 0:00,16.5,23.5,9.5
VILMC,08/09/21 0:00,28.75,33.5,24
VJIMC,08/09/21 0:00,17.25,23.5,11
YURMC,08/09/21 0:00,23,30,16
ZAMMC,08/09/21 0:00,23.5,34,13
ZICMC,08/09/21 0:00,29,38.5,19.5
ACHMR,08/09/21 0:00,19.2,24.5,14
ALUMR,08/09/21 0:00,23.5,29,18
AMCMR,08/09/21 0:00,23.5,29,18
AMIMR,08/09/21 0:00,25,33,17
APAMR,08/09/21 0:00,23.2,27.5,19
ATLMR,08/09/21 0:00,19,24,14
CASMR,08/09/21 0:00,23,29,17
CBTMR,08/09/21 0:00,12.5,15.5,9.5
CUAMR,08/09/21 0:00,21,27,15
CUEMR,08/09/21 0:00,20,25,15
ELPMR,08/09/21 0:00,21.5,30,13
HUAMR,08/09/21 0:00,25,30,20
HUEMR,08/09/21 0:00,17,22,12
HUIMR,08/09/21 0:00,12,17,7
HUTMR,08/09/21 0:00,23,29,17
HUXMR,08/09/21 0:00,16,20,12
JNCMR,08/09/21 0:00,22.2,26.5,18
JOJMR,08/09/21 0:00,25.5,31,20
LCUMR,08/09/21 0:00,22,25,19
MYOMR,08/09/21 0:00,23,28,18
NEXMR,08/09/21 0:00,26,32,20
OACMR,08/09/21 0:00,24.5,31,18
OAXMR,08/09/21 0:00,20.5,24,17
OBSMR,08/09/21 0:00,19.5,24,15
OCTMR,08/09/21 0:00,19,24,14
PIXMR,08/09/21 0:00,25.5,31,20
PROMR,08/09/21 0:00,22.5,28,17
RODMR,08/09/21 0:00,24.5,30,19
SLDMR,08/09/21 0:00,19.7,23,16.5
SPHMR,08/09/21 0:00,25.5,31.5,19.5
TEBMR,08/09/21 0:00,22.5,27,18
TEMMR,08/09/21 0:00,22.5,29,16
TETMR,08/09/21 0:00,16.5,20.5,12.5
TICMR,08/09/21 0:00,25.2,30.5,20
TILMR,08/09/21 0:00,25,30,20
TLOMR,08/09/21 0:00,18,23,13
TMCMR,08/09/21 0:00,22.5,29,16
TPLMR,08/09/21 0:00,23.5,28,19
TQGMR,08/09/21 0:00,25,30,20
XICMR,08/09/21 0:00,25,30,20
XXOMR,08/09/21 0:00,24,30,18
YAHMR,08/09/21 0:00,23,27.5,18.5
ZCTMR,08/09/21 0:00,24,30,18
ARBMX,08/09/21 0:00,16.2,22,10.5
ATEMX,08/09/21 0:00,17.2,24,10.5
ATPMX,08/09/21 0:00,14,20,8
CGCMX,08/09/21 0:00,15.5,21,10
CHDMX,08/09/21 0:00,22,29,15
CHPMX,08/09/21 0:00,18.75,26,11.5
CLYMX,08/09/21 0:00,16.5,22,11
CNPMX,08/09/21 0:00,16.5,23,10
COBMX,08/09/21 0:00,13.2,21.2,5.3
DNXMX,08/09/21 0:00,14,24,4
EMOMX,08/09/21 0:00,13.5,23,4
GRDMX,08/09/21 0:00,15,21,9
HPNMX,08/09/21 0:00,13.5,18,9
K27MX,08/09/21 0:00,16.5,23,10
MBLMX,08/09/21 0:00,15,20,10
OBSMX,08/09/21 0:00,16.25,21,11.5
OCUMX,08/09/21 0:00,15.2,21.5,9
PCGMX,08/09/21 0:00,15,25,5
PDZMX,08/09/21 0:00,13,18,8
PFBMX,08/09/21 0:00,11.5,19,4
PMNMX,08/09/21 0:00,14.5,19,10
PNDMX,08/09/21 0:00,12,18,6
PTLMX,08/09/21 0:00,13.5,19,8
SADMX,08/09/21 0:00,16.7,22.5,11
SBBMX,08/09/21 0:00,15,20,10
SJHMX,08/09/21 0:00,11.5,19,4
SLAMX,08/09/21 0:00,16.2,21,11.5
SLBMX,08/09/21 0:00,15,21,9
SNLMX,08/09/21 0:00,17.7,25,10.5
TJCMX,08/09/21 0:00,15.2,21.5,9
TPTMX,08/09/21 0:00,11.7,17.5,6
TTLMX,08/09/21 0:00,15.5,19,12
TTQMX,08/09/21 0:00,19,26,12
ANHNL,08/09/21 0:00,31.75,38.5,25
ARRNL,08/09/21 0:00,26.25,34,18.5
ASCNL,08/09/21 0:00,18,26,10
CABNL,08/09/21 0:00,28.75,37,20.5
CAMNL,08/09/21 0:00,30.5,38.5,22.5
CARNL,08/09/21 0:00,31.5,40,23
CCHNL,08/09/21 0:00,32.25,40,24.5
CPRNL,08/09/21 0:00,29.75,36,23.5
CRUNL,08/09/21 0:00,28.25,37,19.5
CRVNL,08/09/21 0:00,30,38,22
DARNL,08/09/21 0:00,23.5,30,17
ECSNL,08/09/21 0:00,27.5,36,19
GALNL,08/09/21 0:00,18.75,26,11.5
LBCNL,08/09/21 0:00,30,38,22
LERNL,08/09/21 0:00,31.25,40,22.5
MDRNL,08/09/21 0:00,31.75,39,24.5
MTMNL,08/09/21 0:00,29.25,37.5,21
MTRNL,08/09/21 0:00,31.5,38,25
OBSNL,08/09/21 0:00,31.1,37.6,24.6
PAMNL,08/09/21 0:00,30.75,40,21.5
SRANL,08/09/21 0:00,18.75,29,8.5
ZRGNL,08/09/21 0:00,22.5,31,14
ACANR,08/09/21 0:00,29.75,35,24.5
CAPNR,08/09/21 0:00,28,33,23
JMANR,08/09/21 0:00,25.2,29,21.5
LESNR,08/09/21 0:00,27,30,24
PAJNR,08/09/21 0:00,26,29,23
ROMNR,08/09/21 0:00,29,34.5,23.5
RUINR,08/09/21 0:00,26.75,31,22.5
TEPNR,08/09/21 0:00,28,33,23
AMTOX,08/09/21 0:00,17.5,22,13
ASTOX,08/09/21 0:00,28,34,22
ATEOX,08/09/21 0:00,16.5,21,12
BAEOX,08/09/21 0:00,21,26,16
BOQOX,08/09/21 0:00,29.5,38,21
CALOX,08/09/21 0:00,22.5,28,17
CDOOX,08/09/21 0:00,26.5,33,20
CHDOX,08/09/21 0:00,20,29,11
CHIOX,08/09/21 0:00,29.7,35,24.5
COZOX,08/09/21 0:00,29.5,36,23
EMAOX,08/09/21 0:00,28.2,34.5,22
HDLOX,08/09/21 0:00,20.7,25,16.5
HLOOX,08/09/21 0:00,21.75,28.2,15.3
IXTOX,08/09/21 0:00,30.7,36.5,25
JACOX,08/09/21 0:00,27.5,32.5,22.5
MAROX,08/09/21 0:00,28,34,22
OACOX,08/09/21 0:00,24,30.5,17.5
OAOOX,08/09/21 0:00,22.9,30.3,15.6
OSTOX,08/09/21 0:00,27.7,34,21.5
PTAOX,08/09/21 0:00,29.3,34.6,24
RHOOX,08/09/21 0:00,29.5,37,22
RMLOX,08/09/21 0:00,29.5,36,23
SCIOX,08/09/21 0:00,20,26,14
SCROX,08/09/21 0:00,30.2,35.8,24.6
SFUOX,08/09/21 0:00,25.5,31,20
SLAOX,08/09/21 0:00,19.7,24.5,15
SMAOX,08/09/21 0:00,10,15,5
SNCOX,08/09/21 0:00,18.5,24,13
STTOX,08/09/21 0:00,17,23.5,10.5
TEMOX,08/09/21 0:00,28.5,34,23
TEPOX,08/09/21 0:00,17.2,22,12.5
TEQOX,08/09/21 0:00,26,34,18
TLXOX,08/09/21 0:00,19.5,25,14
TSLOX,08/09/21 0:00,22.5,29,16
VANOX,08/09/21 0:00,30,37,23
ZACOX,08/09/21 0:00,22.2,26.5,18
ZALOX,08/09/21 0:00,24,30,18
ZANOX,08/09/21 0:00,29.5,34,25
ZAPOX,08/09/21 0:00,24,33,15
ACHPB,08/09/21 0:00,19.5,28,11
ACJPB,08/09/21 0:00,17,22,12
ADOPB,08/09/21 0:00,23,28,18
AFRPB,08/09/21 0:00,18.5,23,14
AHAPB,08/09/21 0:00,18.5,23,14
AHUPB,08/09/21 0:00,13.5,19.5,7.5
APAPB,08/09/21 0:00,26.5,32,21
ATXPB,08/09/21 0:00,17,21,13
BDDPB,08/09/21 0:00,17.5,22.5,12.5
CDSPB,08/09/21 0:00,15.5,19,12
CEMPB,08/09/21 0:00,17.5,24,11
CHIPB,08/09/21 0:00,23,29,17
CHLPB,08/09/21 0:00,17,23,11
CHSPB,08/09/21 0:00,23,30,16
CNAPB,08/09/21 0:00,17.5,23,12
CNGPB,08/09/21 0:00,13,19,7
COAPB,08/09/21 0:00,22,27,17
CPLPB,08/09/21 0:00,15.5,20,11
ECHPB,08/09/21 0:00,16.7,22,11.5
HJTPB,08/09/21 0:00,15,20,10
HQCPB,08/09/21 0:00,21.5,27,16
HUAPB,08/09/21 0:00,19.5,25,14
IXTPB,08/09/21 0:00,19.5,26,13
IZMPB,08/09/21 0:00,23,27,19
LIBPB,08/09/21 0:00,17,21,13
MAYPB,08/09/21 0:00,17.5,23,12
OYAPB,08/09/21 0:00,12,20,4
PCRPB,08/09/21 0:00,9,14,4
PIXPB,08/09/21 0:00,23,29,17
PUOPB,08/09/21 0:00,17.7,22.6,12.8
QUIPB,08/09/21 0:00,17,22,12
RNAPB,08/09/21 0:00,27.5,32,23
SCRPB,08/09/21 0:00,18,25,11
SMCPB,08/09/21 0:00,12.5,19,6
SMTPB,08/09/21 0:00,16.5,22,11
SRTPB,08/09/21 0:00,14.5,20,9
TEHPB,08/09/21 0:00,20,26,14
TEOPB,08/09/21 0:00,18,23,13
UDSPB,08/09/21 0:00,19,25,13
ZCPPB,08/09/21 0:00,16.5,25,8
ZRGPB,08/09/21 0:00,15.5,21,10
CANQR,08/09/21 0:00,30,34,26
CHOQR,08/09/21 0:00,30.6,33.4,27.8
COZQR,08/09/21 0:00,31,36,26
FCRQR,08/09/21 0:00,28.05,34.5,21.6
PDCQR,08/09/21 0:00,28.5,34,23
BATQT,08/09/21 0:00,20.5,27,14
CARQT,08/09/21 0:00,23.5,31,16
CNSQT,08/09/21 0:00,20.5,26,15
EPUQT,08/09/21 0:00,17.5,21,14
GHQQT,08/09/21 0:00,20.5,26,15
IDFQT,08/09/21 0:00,15.5,19,12
JLPQT,08/09/21 0:00,24,30,18
JRQQT,08/09/21 0:00,19.5,26,13
OBSQT,08/09/21 0:00,20.6,26.4,14.9
PMLQT,08/09/21 0:00,23.5,30,17
SJSQT,08/09/21 0:00,19.7,25.5,14
ACTSI,08/09/21 0:00,29,33,25
AHMSI,08/09/21 0:00,30,36,24
AL2SI,08/09/21 0:00,25.75,31,20.5
ARCSI,08/09/21 0:00,30,35,25
AWSSI,08/09/21 0:00,26,29.5,22.5
BDRSI,08/09/21 0:00,27,31,23
CHXSI,08/09/21 0:00,29,34,24
CLCSI,08/09/21 0:00,28,32,24
CRRSI,08/09/21 0:00,32,40,24
DRDSI,08/09/21 0:00,30.5,37,24
EFTSI,08/09/21 0:00,30.5,36,25
GB2SI,08/09/21 0:00,28,33,23
GD2SI,08/09/21 0:00,27,32,22
GMCSI,08/09/21 0:00,29,35,23
GSVSI,08/09/21 0:00,29.75,35,24.5
HDZSI,08/09/21 0:00,29.75,35,24.5
IXPSI,08/09/21 0:00,29.75,36,23.5
JLPSI,08/09/21 0:00,26,31,21
JORSI,08/09/21 0:00,28,33,23
LCRSI,08/09/21 0:00,29.5,35,24
LD2SI,08/09/21 0:00,28.75,36,21.5
MCHSI,08/09/21 0:00,30.5,36,25
MZTSI,08/09/21 0:00,29.75,33,26.5
OBSSI,08/09/21 0:00,29.3,34.6,24
PMHSI,08/09/21 0:00,27.75,33.5,22
QLTSI,08/09/21 0:00,28.25,34,22.5
RAVSI,08/09/21 0:00,27.5,32,23
RSRSI,08/09/21 0:00,29,34,24
SCRSI,08/09/21 0:00,27,32,22
SFRSI,08/09/21 0:00,29.5,34,25
SJNSI,08/09/21 0:00,29,34,24
SLRSI,08/09/21 0:00,31,38,24
SLTSI,08/09/21 0:00,27,32,22
SN2SI,08/09/21 0:00,26,31,21
SQRSI,08/09/21 0:00,29,34.5,23.5
TBRSI,08/09/21 0:00,29,36.8,21.2
TORSI,08/09/21 0:00,29,33,25
VINSI,08/09/21 0:00,24.5,29,20
ZOPSI,08/09/21 0:00,29.25,33.5,25
AJTSL,08/09/21 0:00,28.6,34,23.3
BLMSL,08/09/21 0:00,29.5,35,24
CDVSL,08/09/21 0:00,28.5,34,23
CTSSL,08/09/21 0:00,24.5,32,17
GANSL,08/09/21 0:00,29.05,35.9,22.2
OCTSL,08/09/21 0:00,18.5,26,11
MATSL,08/09/21 0:00,23.5,32,15
MICSL,08/09/21 0:00,26.5,33,20
MTPSL,08/09/21 0:00,27.6,34,21.3
NRJSL,08/09/21 0:00,27.5,34,21
PMYSL,08/09/21 0:00,25.5,32,19
PUJSL,08/09/21 0:00,25,26,24
RQTSL,08/09/21 0:00,26.5,33,20
RVDSL,08/09/21 0:00,25.4,32,18.8
SDHSL,08/09/21 0:00,18,24,12
SLPSL,08/09/21 0:00,19.7,26,13.5
STRSL,08/09/21 0:00,30,37,23
TBLSL,08/09/21 0:00,27,33,21
TMISL,08/09/21 0:00,31,38,24
TMTSL,08/09/21 0:00,26.65,33.3,20
ACNSO,08/09/21 0:00,27.5,36,19
ALTSO,08/09/21 0:00,31.35,39.5,23.2
AOBSO,08/09/21 0:00,29,37,21
ARCSO,08/09/21 0:00,30,35,25
ARISO,08/09/21 0:00,20.5,30,11
ARZSO,08/09/21 0:00,23.25,34,12.5
CCRSO,08/09/21 0:00,28.75,35.5,22
CHTSO,08/09/21 0:00,27.25,37,17.5
CJNSO,08/09/21 0:00,28.25,37,19.5
CNNSO,08/09/21 0:00,25.25,33.5,17
COBSO,08/09/21 0:00,30,38,22
CZNSO,08/09/21 0:00,29.75,36.5,23
ECBSO,08/09/21 0:00,28.05,36.9,19.2
EPLSO,08/09/21 0:00,29.5,35.5,23.5
GYMSO,08/09/21 0:00,28.15,33.9,22.4
HM2SO,08/09/21 0:00,29.75,38,21.5
HMNSO,08/09/21 0:00,28.5,37,20
HSHSO,08/09/21 0:00,20.5,27,14
IMRSO,08/09/21 0:00,25.5,35,16
IRASO,08/09/21 0:00,28.25,35,21.5
LCDSO,08/09/21 0:00,28.95,37,20.9
NGLSO,08/09/21 0:00,26.05,32.2,19.9
NVJSO,08/09/21 0:00,30,36.5,23.5
NYNSO,08/09/21 0:00,32.25,40.5,24
PECSO,08/09/21 0:00,28.75,36.7,20.8
PMOSO,08/09/21 0:00,29,39,19
PT2SO,08/09/21 0:00,31.7,36.2,27.2
PTASO,08/09/21 0:00,28.25,35.5,21
PTQSO,08/09/21 0:00,30.5,39,22
QRBSO,08/09/21 0:00,27.5,37,18
SBNSO,08/09/21 0:00,28.25,34.5,22
SLCSO,08/09/21 0:00,34.5,41,28
SRSSO,08/09/21 0:00,31,38,24
TSOSO,08/09/21 0:00,25,32,18
VCMSO,08/09/21 0:00,26,30,22
YCRSO,08/09/21 0:00,24,32,16
BDCTB,08/09/21 0:00,26.5,30,23
CARTB,08/09/21 0:00,28,33,23
EMUTB,08/09/21 0:00,29.2,33.1,25.3
EPOTB,08/09/21 0:00,28,33,23
GONTB,08/09/21 0:00,28,33,23
MACTB,08/09/21 0:00,27.5,31.5,23.5
OXOTB,08/09/21 0:00,29.75,34.5,25
PNVTB,08/09/21 0:00,28,32,24
PUYTB,08/09/21 0:00,27,31.5,22.5
SAMTB,08/09/21 0:00,27.5,31,24
SJOCP,08/09/21 0:00,28,32,24
TAPTB,08/09/21 0:00,26.5,31,22
TEATB,08/09/21 0:00,28.5,34,23
APITL,08/09/21 0:00,16.5,23,10
CPPTL,08/09/21 0:00,13.5,18,9
CUATL,08/09/21 0:00,16.5,22,11
ECTTL,08/09/21 0:00,17.5,23,12
HMTTL,08/09/21 0:00,15.5,20,11
OBSTL,08/09/21 0:00,17,22.6,11.4
SJATL,08/09/21 0:00,14.5,19,10
ZACTL,08/09/21 0:00,19,26,12
ZITTL,08/09/21 0:00,16,21,11
ABSTP,08/09/21 0:00,29.75,36,23.5
BALTP,08/09/21 0:00,29.8,34.3,25.4
BR1TP,08/09/21 0:00,29.95,37.2,22.7
BRRTP,08/09/21 0:00,29.6,37.3,21.9
CDOTP,08/09/21 0:00,31,37,25
CONTP,08/09/21 0:00,30.5,36,25
CORTP,08/09/21 0:00,32,40.5,23.5
CVCTP,08/09/21 0:00,29.5,37.6,21.5
CVTTP,08/09/21 0:00,28.5,36,21
ERCTP,08/09/21 0:00,30,37,23
FDOTP,08/09/21 0:00,31.2,38.5,23.9
LSRTP,08/09/21 0:00,28.5,35.5,21.5
MAGTP,08/09/21 0:00,28.1,34.8,21.4
MATTP,08/09/21 0:00,30.5,36,25
MDRTP,08/09/21 0:00,29,33,25
MHGTP,08/09/21 0:00,28.75,36.4,21.1
MRGTP,08/09/21 0:00,30,36,24
PADTP,08/09/21 0:00,30.7,38.1,23.3
PANTP,08/09/21 0:00,30,36,24
PDMTP,08/09/21 0:00,30.35,37.9,22.8
PILTP,08/09/21 0:00,31.05,38.2,23.9
PJMTP,08/09/21 0:00,29.75,36,23.5
PVLTP,08/09/21 0:00,27.75,34.5,21
RSPTP,08/09/21 0:00,29.2,35.5,23
RYATP,08/09/21 0:00,30,37,23
RYNTP,08/09/21 0:00,30,37,23
SDATP,08/09/21 0:00,29.7,36.5,23
SGBTP,08/09/21 0:00,29.5,37,22
SLMTP,08/09/21 0:00,30.55,37.8,23.3
STETP,08/09/21 0:00,29.75,36,23.5
TMPTP,08/09/21 0:00,30,33.8,26.3
TMSTP,08/09/21 0:00,29.2,36,22.5
VCATP,08/09/21 0:00,30,36,24
VGRTP,08/09/21 0:00,30,36,24
VHMTP,08/09/21 0:00,31,36,26
VSMTP,08/09/21 0:00,29.45,35.4,23.5
ACAVC,08/09/21 0:00,16,21,11
ACTVC,08/09/21 0:00,26.8,31.5,22
ALAVC,08/09/21 0:00,27.2,32,22.5
ALTVC,08/09/21 0:00,16.5,22,11
ARCVC,08/09/21 0:00,28.2,33,23.5
BRIVC,08/09/21 0:00,18.8,23.5,14
CHYVC,08/09/21 0:00,26.2,31.5,21
COAVC,08/09/21 0:00,21.5,28,15
CRDVC,08/09/21 0:00,27.5,32,23
CRRVC,08/09/21 0:00,27.5,33,22
CTTVC,08/09/21 0:00,28.5,34,23
GARVC,08/09/21 0:00,28.2,33,23.5
HGOVC,08/09/21 0:00,28,33,23
HLSVC,08/09/21 0:00,29.5,36,23
HTSVC,08/09/21 0:00,18.5,23,14
IDOVC,08/09/21 0:00,27.5,32,23
JCRVC,08/09/21 0:00,27,33,21
JDCVC,08/09/21 0:00,26.8,32,21.5
JOYVC,08/09/21 0:00,13.2,18,8.5
LAUVC,08/09/21 0:00,26.8,31,22.5
LGRVC,08/09/21 0:00,15.5,26,5
LOFVC,08/09/21 0:00,27,32,22
LPEVC,08/09/21 0:00,26,32,20
MDTVC,08/09/21 0:00,26.8,29.5,24
MNZVC,08/09/21 0:00,27.5,32.5,22.5
NAOVC,08/09/21 0:00,17,21,13
OLVVC,08/09/21 0:00,29.7,36.5,23
ORZVC,08/09/21 0:00,21.4,25.4,17.3
OTIVC,08/09/21 0:00,19,23,15
PNCVC,08/09/21 0:00,29.7,35,24.5
PSNVC,08/09/21 0:00,30,38,22
RALVC,08/09/21 0:00,28.5,34,23
SBTVC,08/09/21 0:00,26.2,31.5,21
SJEVC,08/09/21 0:00,28.2,32.5,24
TAPVC,08/09/21 0:00,21,26,16
TMOVC,08/09/21 0:00,28.2,34,22.5
TMPVC,08/09/21 0:00,27.5,33,22
TNCVC,08/09/21 0:00,24,32,16
TOTVC,08/09/21 0:00,19,23,15
TXPVC,08/09/21 0:00,29.4,34.4,24.4
TZAVC,08/09/21 0:00,29,34,24
VAZVC,08/09/21 0:00,28,33,23
VERVC,08/09/21 0:00,28.3,32.6,24
XCFVC,08/09/21 0:00,19.5,24,15
XOBVC,08/09/21 0:00,21.1,27,15.2
ZALVC,08/09/21 0:00,12.5,21,4
BECYC,08/09/21 0:00,28.5,34,23
CANYC,08/09/21 0:00,26,29,23
CHOYC,08/09/21 0:00,28,33,23
CICYC,08/09/21 0:00,29,34,24
CYOYC,08/09/21 0:00,29.75,35.5,24
EZAYC,08/09/21 0:00,28,33,23
GARYC,08/09/21 0:00,27.75,34.5,21
MEOYC,08/09/21 0:00,28.3,33.4,23.2
MOCYC,08/09/21 0:00,26.5,33,20
MTOYC,08/09/21 0:00,26.5,33.5,19.5
MUNYC,08/09/21 0:00,27.25,31.5,23
OXKYC,08/09/21 0:00,28,34,22
PETYC,08/09/21 0:00,26.5,32,21
PROYC,08/09/21 0:00,27.1,32.6,21.6
RLAYC,08/09/21 0:00,29.5,35,24
TICYC,08/09/21 0:00,26.25,31,21.5
TIZYC,08/09/21 0:00,28.75,33.5,24
VALYC,08/09/21 0:00,30,35,25
ACHZC,08/09/21 0:00,19.5,24,15
ATGZC,08/09/21 0:00,16.75,21,12.5
BTEZC,08/09/21 0:00,19.6,24.2,15
CHIZC,08/09/21 0:00,20.25,24.5,16
CORZC,08/09/21 0:00,22,28,16
ELCZC,08/09/21 0:00,20.8,26.7,14.9
ELSZC,08/09/21 0:00,19.2,26.2,12.2
EXCZC,08/09/21 0:00,20.4,25.4,15.4
FREZC,08/09/21 0:00,20.35,25.5,15.2
GJAZC,08/09/21 0:00,14,17,11
GPEZC,08/09/21 0:00,19.85,25.5,14.2
LBUZC,08/09/21 0:00,15.25,19.5,11
LLBZC,08/09/21 0:00,17.75,24,11.5
LMOZC,08/09/21 0:00,20,27,13
LOBZC,08/09/21 0:00,18.5,24,13
LORZC,08/09/21 0:00,21.2,27.2,15.2
LREZC,08/09/21 0:00,19,24,14
MGAZC,08/09/21 0:00,19.5,26,13
MORZC,08/09/21 0:00,22.5,29,16
NCTZC,08/09/21 0:00,19.5,25.5,13.5
PALZC,08/09/21 0:00,18.5,22,15
PINZC,08/09/21 0:00,17.5,25,10
PMOZC,08/09/21 0:00,21.25,26,16.5
RGRZC,08/09/21 0:00,18.5,26,11
SFOZC,08/09/21 0:00,24.5,33.5,15.5
SGOZC,08/09/21 0:00,21.1,27,15.2
SOMZC,08/09/21 0:00,17.5,24,11
STEZC,08/09/21 0:00,17.5,20,15
STRZC,08/09/21 0:00,19.5,24.5,14.5
TAYZC,08/09/21 0:00,18.75,23,14.5
TCHZC,08/09/21 0:00,16,20,12
TLAZC,08/09/21 0:00,16.5,22,11
TLLZC,08/09/21 0:00,19.5,22.5,16.5
VHGZC,08/09/21 0:00,19.75,26.7,12.8
VILZC,08/09/21 0:00,24.25,29,19.5
ZACZC,08/09/21 0:00,19,25,13
ENASI,08/09/21 0:00,29.5,34,25
PBRJL,08/09/21 0:00,21.7,25,18.5
ATBMR,08/09/21 0:00,19.5,24,15
SJAPB,08/09/21 0:00,29.8,37.5,22
TNCSL,08/09/21 0:00,28.8,33.6,24
CNDTP,08/09/21 0:00,30.7,37,24.4
LAETP,08/09/21 0:00,28,34.5,21.5
PTBBN,08/09/21 0:00,20.5,24,17
TEBMR,08/09/21 0:00,22.5,27,18
TMPMR,08/09/21 0:00,25,30,20
SVTSL,08/09/21 0:00,28,33,23
IVGSL,08/09/21 0:00,18.5,26,11
EMUTB,08/09/21 0:00,29.2,33.1,25.3
RFRTP,08/09/21 0:00,31.5,38,25
AHLTP,08/09/21 0:00,28.6,34.4,22.8
SBNTP,08/09/21 0:00,28,33,23